,,
FAMILIA CABRERA CASTILLO,GABRIEL CABRERA,2
,MARIA JOSE CASTILLO,
,,
FAMILIA CABRERA DIAZ,ALDO CABRERA,2
,MARIA JOSE DIAZ,
,,
FAMILIA PARRA MONSALVE,GABRIELA CABRERA,3
,REYNALDO MONSALVE,
,COROMOTO PARRA,
,,
FAMILIA PARRA AYALA,JAIRO PARRA,3
,MARIA DANIELLA PARRA,
,FLOR AYALA,
,,
FAMILIA PARRA BARRERA,IRIS BARRERA,4
,LUIS DAVID PARRA,
,LUIS EDUARDO PARRA,
,FRANK PARRA,
,,
FAMILIA ROJAS,ESPERANZA ROJAS,2
,MIGUEL CASANOVA,
,,
FAMILIA PARRA IBARRA,WOLFGAN PARRA,2
,KEVIN PARRA,
,,
FAMILIA PARRA DIAZ,LUIS JAVIER PARRA,3
,JHOSTIN PARRA,
,YONEIKER PARRA,
,,
SRTA. NHAKEISHAN PARRA DIAZ,NHAKEISHAN PARRA DIAZ,1
,,
FAMILIA ARACENA PARRA,ERIKA PARRA,2
,STEFANO ARACENA,
,,
FAMILIA PARRA LOPEZ,LUIS ALEJANDRO PARRA,3
,ESTRELLA LOPEZ,
,LUNA,
,,
FAMILIA PARRA CAMARGO,JHONNY PARRA,3
,OLGA CAMARGO,
,ELIZABETH PARRA,
,,
SR .HENRRY PARRA,HENRRY PARRA,1
,,
FAMILIA GRANADOS NARVAEZ,STEPHANI NARVAEZ,3
,ANDERSON GRANADOS,
,MELANIE GRANADOS,
,,
SRA. YULI PARRA,YULI PARRA,1
,,
SRA. CARMEN PARRA,CARMEN PARRA,1
,,
YULIANA Y GABRIELA,YULIANA PARRA,2
,GABRIELA PONCE,
,,
SRA. MARTHA GUERRERO,MARTHA GUERRERO,1
,,
SRA. KARINA PANTALEON,KARINA PANTALEON,1
,,
SRTA. LENNYS BECERRA,LENNYS BECERRA,1
,,
ISBEL SERVITA,ISBEL SERVITA,2
,YRIS SERVITA,
,,
FAMILIA ROSALES JIMENEZ,ALFREDO ROSALES,2
,ELISA JIMENEZ,
,,
FAMILIA GOMEZ ROSALES,FRANCIS ROSALES,2
,CRISTIAN GOMEZ,
,,
FAMILIA JIMENEZ MANTILLA,VICTOR JIMENZ,2
,GLORIA MANTILLA,
,,
FAMILIA VIVAS JIMENEZ,JOHAN VIVAS,4
,JOHANNA JIMENEZ,
,IVAN VIVAS,
,JESUS VIVAS,
,,
FAMILIA PAREDES MARTINEZ,FERNEY PAREDES,3
,ROCIO MARTINEZ,
,ORIANA PAREDES,
,,
FAMILIA JIMENEZ VALENCIA,JAKCELINE PEREZ,4
,YESHUA VALENCIA,
,MELAINE VALENCIA,
,RITA JIMENEZ,
,,
FAMILIA RUIZ BRICEÑO,ALEJANDRA BRICEÑO,3
,YOHALIBETH RUIZ,
,PHILIP RUIZ,
,,
FAMILIA PEÑARANDA PAREDES,PATRICIA PAREDES,2
,ALEX PEÑARANDA,
,,
FAMILIA ANGARITA TORRES,JOSE ANGARITA,2
,CANDY TORRES,
,,
FAMILIA CARDENAS RODRIGUEZ,DIANWIL CARDENAS,2
,FLOR RODRIGUEZ,
,,
FAMILIA ROSALES BRICEÑO,ALIX TERESA BRICEÑO,2
,DIANA ROSALES ,
,,
FAMILIA DURAN,MARIASKY DURAN,2
,IRLANDA DURAN,
,,
FAMILIA DURAN MERENTES,RASUL DURAN,2
,LORNA MERENTES,
,,
RAFAEL Y ESTEFANY,RAFAEL NIETO,2
,ESTEFANY OLIVARES,
,,
TONY LIZCANO,TONY LIZCANO,1
,,
ANNY MANJARREZ,ANNY MANJARREZ,1
,,
CENELY URIBE,CENELY URIBE,1
,,
JOSE ANDRES VIVAS,JOSE ANDRES VIVAS,1
,,
STEVEN CUBEROS,STEVEN CUBEROS,1
,,
MMIA ANTONIOLLI,MMIA ANTONIOLLI,1
,,
FABIOLA SUAREZ,FABIOLA SUAREZ,1
,,
DANIELA RODIGUEZ,DANIELA RODIGUEZ,1
,,
SARA CUELLAR,SARA CUELLAR,1
,,
FABIAN MENDOZA,FABIAN MENDOZA,1
,,
SOFIA SANDOVAL,SOFIA SANDOVAL,1
,,
VALERIA ROMERO,VALERIA ROMERO,1
,,
 SOPHIA ESTRADA, SOPHIA ESTRADA,1
,,
VICTORIA ARAQUE,VICTORIA ARAQUE,1
,,
DIEGO NAVARRO,DIEGO NAVARRO,1
,,
HNOS. MONTENEGRO,GABRIEL MONTENEGRO,2
,DAVID MONTENEGRO,
,,
JANNY SUAREZ,JANNY SUAREZ,1
,,
DANA CARRILLO,DANA CARRILLO,1
,,
RONALD MANTILLA,RONALD MANTILLA,1
,,
DULCE FLORES,DULCE FLORES,1
,,
DANIEL CEBALLOS,DANIEL CEBALLOS,1
,,
GABRIEL CHACON,GABRIEL CHACON,1
,,
RICARDO MOLINA,RICARDO MOLINA,1