Nombre en la tarjeta,Número de pases,Link
FLIA. CABRERA CASTILLO,2,https://gabriel045.github.io/15-Isa/?i=3e74cbbf0a
FLIA. CABRERA DIAZ,2,https://gabriel045.github.io/15-Isa/?i=6745f46510
FLIA. PARRA MONSALVE,3,https://gabriel045.github.io/15-Isa/?i=b00ac38a1d
FLIA. PARRA AYALA,3,https://gabriel045.github.io/15-Isa/?i=29041f4595
FLIA. PARRA BARRERA,4,https://gabriel045.github.io/15-Isa/?i=48c7f3d695
FLIA. ROJAS,2,https://gabriel045.github.io/15-Isa/?i=19df631d34
FLIA. PARRA IBARRA,2,https://gabriel045.github.io/15-Isa/?i=5bb8e8ef5f
FLIA. PARRA DIAZ,3,https://gabriel045.github.io/15-Isa/?i=ebe3cd519e
SRTA. NHAKEISHAN PARRA DIAZ,1,https://gabriel045.github.io/15-Isa/?i=af19a15f36
FLIA. ARACENA PARRA,2,https://gabriel045.github.io/15-Isa/?i=b90b0bf1a7
FLIA. PARRA LOPEZ,3,https://gabriel045.github.io/15-Isa/?i=6d63a702e7
FLIA. PARRA CAMARGO,3,https://gabriel045.github.io/15-Isa/?i=25f60693df
SR .HENRRY PARRA,1,https://gabriel045.github.io/15-Isa/?i=08b1935957
FLIA. GRANADOS NARVAEZ,3,https://gabriel045.github.io/15-Isa/?i=c926f5e891
SRA. YULI PARRA,1,https://gabriel045.github.io/15-Isa/?i=819f0d33ac
SRA. CARMEN PARRA,1,https://gabriel045.github.io/15-Isa/?i=d5dc81042f
YULIANA Y GABRIELA,2,https://gabriel045.github.io/15-Isa/?i=39379ed349
SRA. MARTHA GUERRERO,1,https://gabriel045.github.io/15-Isa/?i=9235d82632
SRA. KARINA PANTALEON,1,https://gabriel045.github.io/15-Isa/?i=b7d729f0ee
SRTA. LENNYS BECERRA,1,https://gabriel045.github.io/15-Isa/?i=17909371cb
ISBEL SERVITA,2,https://gabriel045.github.io/15-Isa/?i=c695fa9e8e
FLIA. ROSALES JIMENEZ,2,https://gabriel045.github.io/15-Isa/?i=27ffb623bd
FLIA. GOMEZ ROSALES,2,https://gabriel045.github.io/15-Isa/?i=bdb189fdcd
FLIA. JIMENEZ MANTILLA,2,https://gabriel045.github.io/15-Isa/?i=6cbbf01a1e
FLIA. VIVAS JIMENEZ,4,https://gabriel045.github.io/15-Isa/?i=7f1bc79de3
FLIA. PAREDES MARTINEZ,3,https://gabriel045.github.io/15-Isa/?i=8fff7ccf61
FLIA. JIMENEZ VALENCIA,4,https://gabriel045.github.io/15-Isa/?i=64bf8366bf
FLIA. RUIZ BRICEÑO,3,https://gabriel045.github.io/15-Isa/?i=3f0ef40359
FLIA. PEÑARANDA PAREDES,2,https://gabriel045.github.io/15-Isa/?i=49c7da83f6
FLIA. ANGARITA TORRES,2,https://gabriel045.github.io/15-Isa/?i=7f78f720fa
FLIA. CARDENAS RODRIGUEZ,2,https://gabriel045.github.io/15-Isa/?i=a2b2f0abc4
FLIA. ROSALES BRICEÑO,2,https://gabriel045.github.io/15-Isa/?i=b67ec9cb63
FLIA. DURAN,2,https://gabriel045.github.io/15-Isa/?i=7bf767a66c
FLIA. DURAN MERENTES,2,https://gabriel045.github.io/15-Isa/?i=001e91e626
RAFAEL Y ESTEFANY,2,https://gabriel045.github.io/15-Isa/?i=518906a86a
TONY LIZCANO,1,https://gabriel045.github.io/15-Isa/?i=052b699449
ANNY MANJARREZ,1,https://gabriel045.github.io/15-Isa/?i=6ee16c4c05
CENELY URIBE,1,https://gabriel045.github.io/15-Isa/?i=6a489cac74
JOSE ANDRES VIVAS,1,https://gabriel045.github.io/15-Isa/?i=e24d38c05a
STEVEN CUBEROS,1,https://gabriel045.github.io/15-Isa/?i=48f519fb8b
MMIA ANTONIOLLI,1,https://gabriel045.github.io/15-Isa/?i=7be31c5359
FABIOLA SUAREZ,1,https://gabriel045.github.io/15-Isa/?i=b3829fe336
DANIELA RODIGUEZ,1,https://gabriel045.github.io/15-Isa/?i=c9b39e6241
SARA CUELLAR,1,https://gabriel045.github.io/15-Isa/?i=d9c647f634
FABIAN MENDOZA,1,https://gabriel045.github.io/15-Isa/?i=86d7de7dd7
SOFIA SANDOVAL,1,https://gabriel045.github.io/15-Isa/?i=f85b975860
VALERIA ROMERO,1,https://gabriel045.github.io/15-Isa/?i=9df1fec813
SOPHIA ESTRADA,1,https://gabriel045.github.io/15-Isa/?i=de6acad60f
VICTORIA ARAQUE,1,https://gabriel045.github.io/15-Isa/?i=ece8ab8bbe
DIEGO NAVARRO,1,https://gabriel045.github.io/15-Isa/?i=9093396897
HNOS. MONTENEGRO,2,https://gabriel045.github.io/15-Isa/?i=40a9ae38c5
JANNY SUAREZ,1,https://gabriel045.github.io/15-Isa/?i=bca17b3bb8
DANA CARRILLO,1,https://gabriel045.github.io/15-Isa/?i=b1e5ab75fb
RONALD MANTILLA,1,https://gabriel045.github.io/15-Isa/?i=c8355bff01
DULCE FLORES,1,https://gabriel045.github.io/15-Isa/?i=5cdb71f7ed
DANIEL CEBALLOS,1,https://gabriel045.github.io/15-Isa/?i=c6a20cea79
GABRIEL CHACON,1,https://gabriel045.github.io/15-Isa/?i=19ab74f31b
RICARDO MOLINA,1,https://gabriel045.github.io/15-Isa/?i=f749e172d2
